{
  "48454": 1.2781836986541748,
  "50392": 1.241228699684143
}